VIN,Year,Make,Model,Trim,Exterior Color,Interior Color,Odometer,MSRP,Stock Number,Fuel Economy
1FTEW1KP9SKF10990,2025,Ford,F-150,XL,Oxford White,Dark Slate,0,"$46,540",SKF10990,20/26
1FTMF1KP0SKD70128,2025,Ford,F-150,XL,Oxford White,Black W/Medium Dark Slate,0,"$40,540",SKD70128,20/26
1FTMF1KP8SKD94788,2025,Ford,F-150,XL,Oxford White,Black W/Medium Dark Slate,0,"$40,640",SKD94788,20/26
1FTMF1KP6SKE63817,2025,Ford,F-150,XL,Oxford White,Dark Slate,0,"$40,840",SKE63817,20/26
1FTMF1KPXSKE63738,2025,Ford,F-150,XL,Oxford White,Drk Slate Vnyl,0,"$40,840",SKE63738,20/26
1FTMF1KP3SKE92143,2025,Ford,F-150,XL,Oxford White,Medium Dark Slate,0,"$40,840",,19/25
1FTEX1KP3SKE25351,2025,Ford,F-150,XL,Green,Black W/Medium Dark Slate,0,"$45,285",SKE25351,20/26
1FTEX1KP5SKE25349,2025,Ford,F-150,XL,Green,Black W/Medium Dark Slate,0,"$45,285",SKE25349,20/26
1FTEX1KP5SKE25352,2025,Ford,F-150,XL,Green,Black W/Medium Dark Slate,0,"$45,285",SKE25352,20/26
1FTEX1KP3SKE64344,2025,Ford,F-150,XL,Oxford White,Dark Slate,0,"$43,955",SKE64344,20/26
1FTEX1KPXSKE92173,2025,Ford,F-150,XL,Oxford White,Dark Slate,0,"$43,955",SKE92173,20/26
1FTEX1KP4SKE74056,2025,Ford,F-150,XL,Oxford White,Dark Slate,0,"$43,955",SKE74056,20/26
1FTEX1KP6SKF01094,2025,Ford,F-150,XL,Oxford White,Medium Dark Slate,0,"$44,355",,19/25
1FTMF1LP3SKE75714,2025,Ford,F-150,XL,Oxford White,Dark Slate,0,"$44,660",SKE75714,18/24
1FTEW2KP1SKE25888,2025,Ford,F-150,STX,Carbonized Gray,Black,0,"$46,345",SKE25888,20/26
1FTEW2KP1SKE25910,2025,Ford,F-150,STX,White Metallic,Black,0,"$46,345",SKE25910,20/26
1FTEW2KP7SKE25863,2025,Ford,F-150,STX,Carbonized Gray,Black,0,"$46,345",SKE25863,20/26
1FTEW1KP9SKF20791,2025,Ford,F-150,XL,Oxford White,Dark Slate,0,"$46,540",SKF20791,20/26
1FTEW1KP5SKE99387,2025,Ford,F-150,XL,Oxford White,Dark Slate,0,"$46,540",SKE99387,20/26
1FTEW2KP4SKE88368,2025,Ford,F-150,STX,Oxford White,Black,0,"$46,545",SKE88368,20/26
1FTEW2KPXSKE88357,2025,Ford,F-150,STX,Agate Black,Black,0,"$46,545",SKE88357,20/26
1FTEW2KP5SKE88377,2025,Ford,F-150,STX,Iconic Silver,Black,0,"$46,545",SKE88377,20/26
1FTEW2KP1SKF14571,2025,Ford,F-150,STX,Oxford White,Black,0,"$46,545",SKF14571,20/26
1FTEW1KP3SKE93670,2025,Ford,F-150,XL,Oxford White,Dark Slate,0,"$46,815",SKE93670,20/26
1FTEW1KP3SKE85472,2025,Ford,F-150,XL,Oxford White,Medium Dark Slate,0,"$46,815",SKE85472,20/26
1FTEW2KP4SKF14578,2025,Ford,F-150,STX,Agate Black Metallic,Black,0,"$46,545",,19/25
1FTEW2KP7SKE60841,2025,Ford,F-150,STX,White,Black,0,"$46,940",SKE60841,20/26
1FTEW2KP6SKE60846,2025,Ford,F-150,STX,White,Black,0,"$46,940",SKE60846,20/26
1FTEX1LP7SKD48370,2025,Ford,F-150,XL,Oxford White,Black W/Medium Dark Slate,0,"$47,455",SKD48370,18/24
1FTEW1KP9SKE92118,2025,Ford,F-150,XL,Oxford White,Black,0,"$47,485",SKE92118,20/26
1FTEW1KP3SKF10516,2025,Ford,F-150,XL,Oxford White,Medium Dark Slate,0,"$47,485",,19/25
1FTEW1KP7SKF01852,2025,Ford,F-150,XL,Oxford White,Medium Dark Slate,0,"$47,485",,19/25
1FTEX1LP1SKF44725,2025,Ford,F-150,XL,Oxford White,Medium Dark Slate,0,"$48,155",,18/23
1FTEX1LP2SKF45799,2025,Ford,F-150,XL,Oxford White,Medium Dark Slate,0,"$48,155",,18/23
1FTEW1LPXSKD59687,2025,Ford,F-150,XL,Oxford White,Black W/Medium Dark Slate,0,"$50,820",SKD59687,18/24
1FTEW2LPXSKF27902,2025,Ford,F-150,STX,Iconic Silver Metallic,Black,0,"$50,425",,18/23
1FTEW2LPXSFB20364,2025,Ford,F-150,STX,Gray Metallic,Black,0,"$52,230",SFB20364,18/24
1FTEW2LP5SKE85655,2025,Ford,F-150,STX,Oxford White,Black Stx,0,"$53,190",SKE85655,18/24
1FTEW2LP5SKF28052,2025,Ford,F-150,STX,Oxford White,Black,0,"$54,140",,18/23
1FTEW2LP2SFC00919,2025,Ford,F-150,STX,Marsh Gray,Black,0,"$54,535",,18/23
1FTEW2LPXSKF23624,2025,Ford,F-150,STX,Carbonized Gray Metallic,Black,0,"$55,000",,18/23
1FTFW2L59SKE60731,2025,Ford,F-150,STX,Carbonized Gray Metallic,Black,0,"$55,300",SKE60731,18/24
1FTEW2LP1SKF15458,2025,Ford,F-150,STX,Space White Metallic,Black,0,"$55,395",SKF15458,18/24
1FTEW2LP7SKF17635,2025,Ford,F-150,STX,Rapid Red Metallic Tinted Clearcoat,Black,0,"$55,495",,18/23
1FTEW3K58SKE09725,2025,Ford,F-150,XLT,Rapid Red Metallic Tinted Clearcoat,Black/Medium Dark Slate,0,"$60,195",SKE09725,20/26
1FTFW3LD7SFA78087,2025,Ford,F-150,XLT,Blue Metallic,Black W/Smoked Truffle,0,"$61,565",SFA78087,
1FTFW3LD7SFA84729,2025,Ford,F-150,XLT,Red Metallic,Black W/Smoked Truffle,0,"$62,335",SFA84729,
1FTFW3LD8SFB42282,2025,Ford,F-150,XLT,Gray Metallic,Black,0,"$63,920",SFB42282,
1FTFW3LD7SFB16725,2025,Ford,F-150,XLT,Gray Metallic,Black,0,"$64,030",SFB16725,
1FTFW3LD5SFB16738,2025,Ford,F-150,XLT,Gray Metallic,Black,0,"$64,030",SFB16738,
1FTFW3LD1SFB16722,2025,Ford,F-150,XLT,White Metallic,Black,0,"$64,030",SFB16722,
1FTFW3LD3SFB16740,2025,Ford,F-150,XLT,White Metallic,Black,0,"$64,030",SFB16740,
1FTFW3LD4SFB16665,2025,Ford,F-150,XLT,Gray Metallic,Black,0,"$64,030",SFB16665,
1FTFW3LD6SFB91836,2025,Ford,F-150,XLT,Oxford White,Black Sport,0,"$65,630",SFB91836,
1FTFW3LD6SFB45424,2025,Ford,F-150,XLT,Gray,Blk Sport,0,"$65,630",SFB45424,
1FTFW3LDXSFB45412,2025,Ford,F-150,XLT,Gray,Black Sport,0,"$65,630",SFB45412,
1FTFW3LDXSFB45443,2025,Ford,F-150,XLT,Gray,Black Sport,0,"$65,630",SFB45443,
1FTFW3LD8SFB67389,2025,Ford,F-150,XLT,Gray,Black Sport,0,"$65,630",SFB67389,
1FTFW3LD4SFB67373,2025,Ford,F-150,XLT,Iconic Silver,Black Sport,0,"$65,630",SFB67373,
1FTFW3LD6SFB67360,2025,Ford,F-150,XLT,Agate Black,Black Sport,0,"$65,630",SFB67360,
1FTFW3LD4SFB67387,2025,Ford,F-150,XLT,,,0,"$65,630",SFB67387,
1FTFW3LD5SFB91830,2025,Ford,F-150,XLT,Agate Black Metallic,Black,0,"$65,630",,
1FTFW3LD2SFB45453,2025,Ford,F-150,XLT,White,Blk Sport,0,"$66,025",SFB45453,
1FTFW3LD3SFB45431,2025,Ford,F-150,XLT,White,Black Sport,0,"$66,025",SFB45431,
1FTFW3LD4SFB45437,2025,Ford,F-150,XLT,White,Black Sport,0,"$66,025",SFB45437,
1FTFW3LD5SFC08237,2025,Ford,F-150,XLT,Iconic Silver Metallic,Medium Dark Slate,0,"$66,330",,
1FTFW3L8XSKE65937,2025,Ford,F-150,XLT,Blue Metallic,Black,0,"$67,350",SKE65937,
1FTFW4L57SFB22250,2025,Ford,F-150,Tremor,Carbonized Gray,Black,0,"$69,290",SFB22250,17/22
1FTFW4L53SFB65435,2025,Ford,F-150,Tremor,Agate Black,Black Sport,0,"$70,165",SFB65435,17/22
1FTFW4L52SFB63806,2025,Ford,F-150,Tremor,White,Blk Sprt,0,"$70,560",SFB63806,17/22
1FTFW4L58SFB64894,2025,Ford,F-150,Tremor,Antimatter Blue,Black Sport,0,"$70,560",SFB64894,17/22
1FTFW4L55SFB70720,2025,Ford,F-150,Tremor,White,Black Sport,0,"$70,560",SFB70720,17/22
1FTFW4L55SFB76761,2025,Ford,F-150,Tremor,White,Black Sport,0,"$70,560",SFB76761,17/22
1FTFW5LD4SFB86162,2025,Ford,F-150,Lariat,Blue,Slate Active X,0,"$75,340",SFB86162,
1FTFW5LD4SFB87781,2025,Ford,F-150,Lariat,Gray,Black Active X,0,"$75,945",SFB87781,
1FTFW5LD2SFB42094,2025,Ford,F-150,Lariat,White,Slate Active,0,"$77,815",SFB42094,
1FTFW5LD9SFC16286,2025,Ford,F-150,Lariat,Star White Metallic Tri-Coat,Black,0,"$79,490",,
1FTFW5LD1SFC00616,2025,Ford,F-150,Lariat,Carbonized Gray Metallic,Black,0,"$79,570",,
1FTFW6LDXSFB88536,2025,Ford,F-150,King Ranch,Antimatter Blue Metallic,Java,0,"$80,135",,
1FTFW6LD7SFB88882,2025,Ford,F-150,King Ranch,Star White Metallic Tri-Coat,Java,0,"$80,620",,
1FTFW4L53SFC02452,2025,Ford,F-150,Tremor,Carbonized Gray Metallic,Black,0,"$80,940",,15/20
1FTFW4L56SFC04485,2025,Ford,F-150,Tremor,Space White Metallic,Black,0,"$81,335",,15/20
1FTFW7LD6SFB87793,2025,Ford,F-150,Platinum,White,Black,0,"$86,205",SFB87793,
1FTFW7LD3SFB88402,2025,Ford,F-150,Platinum,White,Black Interior,0,"$86,805",SFB88402,
1FTBF2AA8PED32520,2023,Ford,F-250,XL,Oxford White,Medium Earth Gray,0,"$46,175",230842,
1FTBF2AA9PEC61439,2023,Ford,F-250,XL,Oxford White,Medium Earth Gray,0,"$49,975",230457,
1FTBF2AA0REF89495,2024,Ford,F-250,XL,Oxford White,Medium Dark Slate,0,"$47,710",241364,
1FTBF2AA6REC55889,2024,Ford,F-250,XL,Oxford White,Medium Earth Gray,0,"$47,870",240184,
1FTBF2AA7REC55903,2024,Ford,F-250,XL,Oxford White,Medium Earth Gray,0,"$47,870",240232,
1FT7W2BT1REC89924,2024,Ford,F-250,XLT,Carbonized Gray,Medium Dark Slate,0,"$71,280",240329,
1FT8W2BT8REC24637,2024,Ford,F-250,Lariat,Oxford White,Black Onyx,0,"$85,895",240185,
1FT8W2BT3REC96975,2024,Ford,F-250,Platinum,Oxford White,Black Onyx,0,"$94,990",240630,
1FT8W2BT2RED04399,2024,Ford,F-250,Platinum,Agate Black,Black Onyx,0,"$93,995",240515,
1FTBF2AA4SEC68176,2025,Ford,F-250,XL,Oxford White,Medium Dark Slate,0,"$47,760",SEC68176,
1FTBF2AAXSED04548,2025,Ford,F-250,XL,Oxford White,Medium Dark Slate,0,"$49,815",SED04548,
1FT7X2AAXSEE13000,2025,Ford,F-250,XL,Oxford White,Med Dark Slate,0,"$50,785",SEE13000,
1FT7X2AA6SEC37806,2025,Ford,F-250,XL,Oxford White,Medium Dark Slate,0,"$50,950",SEC37806,
1FT7X2BA4SEE12987,2025,Ford,F-250,XL,Oxford White,Med Dark Slate,0,"$55,480",SEE12987,
1FTBF2AT6SED15368,2025,Ford,F-250,XL,Oxford White,Medium Dark Slate,0,"$59,490",SED15368,
1FT8W2BN9SED68981,2025,Ford,F-250,XL,Oxford White,Medium Dark Slate,0,"$61,660",SED68981,
1FT8W2BN5SED69108,2025,Ford,F-250,XL,Oxford White,Medium Dark Slate,0,"$61,660",SED69108,
1FTBF2BT6SED66190,2025,Ford,F-250,XLT,Oxford White,Medium Dark,0,"$62,280",SED66190,
1FT7W2BN7SEC36684,2025,Ford,F-250,XLT,Antimatter Blue,Medium Dark Slate,0,"$62,250",SEC36684,
1FT7W2BN9SEC79391,2025,Ford,F-250,XLT,Oxford White,Medium Dark Slate,0,"$62,470",SEC79391,
1FT7W2BN0SEC78422,2025,Ford,F-250,XLT,Gray Metallic,Medium Dark Slate,0,"$62,470",SEC78422,
1FT8X2BT4SEE12526,2025,Ford,F-250,XL,Oxford White,Med Dark Slate,0,"$66,150",SEE12526,
1FT7W2BT0SEC84459,2025,Ford,F-250,XLT,Oxford White,Medium Dark Slate,0,"$72,395",SEC84459,
1FT8W2BT0SEC76060,2025,Ford,F-250,XLT,Avalanche,Medium Dark Slate,0,"$73,580",SEC76060,
1FT8W2BT4SEC77647,2025,Ford,F-250,XLT,Antimatter Blue,Medium Dark Slate,0,"$73,580",SEC77647,
1FT8W2BTXSEC77183,2025,Ford,F-250,XLT,Oxford White,Medium Dark Slate,0,"$73,580",SEC77183,
1FT8W2BT4SEC65403,2025,Ford,F-250,XL,Oxford White,Medium Dark Slate,0,"$73,985",SEC65403,
1FTBF2AT3SED15764,2025,Ford,F-250,XL,Oxford White,Medium Dark Slate,0,"$90,980",SED15764,
1FT8W2BT5SED34664,2025,Ford,F-250,Lariat,Avalanche,Black Onyx,0,"$82,690",SED34664,
1FT8W2BT7SEC64486,2025,Ford,F-250,Lariat,Gray Metallic,Black Onyx,0,"$87,655",SEC64486,
1FT8W2BT8SEC28936,2025,Ford,F-250,Lariat,Glacier Gray Metallic Tri-Coat,Black Onyx,0,"$88,430",SEC28936,
1FT8W2BT3SEC82208,2025,Ford,F-250,Lariat,Gray Metallic,Black Onyx,0,"$89,380",SEC82208,
1FT8W2BT3SEC08318,2025,Ford,F-250,Lariat,Agate Black,Black Onyx,0,"$90,125",SEC08318,
1FT8W2BM4SEC37125,2025,Ford,F-250,Lariat,Gray Metallic,Black Onyx,0,"$92,310",SEC37125,
1FT8W2BT2SED96927,2025,Ford,F-250,Lariat,Gray,Black Onyx,0,"$92,805",SED96927,
1FT8W2BM0SED03170,2025,Ford,F-250,Lariat,Avalanche,Black Onyx,0,"$93,295",SED03170,
1FT8W2BM7SED83423,2025,Ford,F-250,Lariat,Gray,Black Onyx,0,"$95,340",SED83423,
1FT8W2BT3SED68635,2025,Ford,F-250,Platinum,Oxford White,Black Onyx/Platinum Blue,0,"$96,695",SED68635,
1FT8W2BT0TEC44713,2026,Ford,F-250,Lariat,Oxford White,Baja Active,0,"$84,660",TEC44713,
1FT8W2BT6TEC05057,2026,Ford,F-250,Lariat,Gray,Black Onyx,0,"$88,035",TEC05057,
1FT8W2BTXTEC04428,2026,Ford,F-250,Lariat,Gray,Black Onyx,0,"$93,325",TEC04428,
1FT8W2BM6TEC13779,2026,Ford,F-250,Lariat,Oxford White,Black Onyx,0,"$97,400",TEC13779,
1FT8W2BM3TEC13447,2026,Ford,F-250,Platinum,Agate Black,Black Onyx,0,"$99,445",TEC13447,
1FT8W2BM1TEC35544,2026,Ford,F-250,King Ranch,Oxford White,Gray,0,"$100,080",TEC35544,
1FT8W2BM4TEC04482,2026,Ford,F-250,Platinum,Oxford White,Black Onyx,0,"$100,660",TEC04482,
1FT8W2BM6TEC11711,2026,Ford,F-250,Platinum,Gray,Black Onyx,0,"$103,340",TEC11711,
1FMUK7DH1SGC96902,2025,Ford,Explorer,Active,Space White Metallic,Dark Gray/Onyx,0,"$42,145",SGC96902,20/29
1FMUK7DH0SGD00650,2025,Ford,Explorer,Active,Space White Metallic,Ultra Dark Space Gray,0,"$42,145",,20/29
1FMUK8DH6SGC66333,2025,Ford,Explorer,Active,Carbonized Gray,Dark Space,0,"$44,145",SGC66333,20/27
1FMUK8DH1SGC55031,2025,Ford,Explorer,Active,,,0,"$44,940",SGC55031,20/27
1FMUK8KH4SGC83554,2025,Ford,Explorer,ST-Line,Carbonized Gray Metallic,Onyx,0,"$51,580",,20/27
1FMUK8KH6SGC96709,2025,Ford,Explorer,ST-Line,Star White Tri-Coat,Onyx,0,"$52,375",SGC96709,20/27
1FMWK8GC9SGC62527,2025,Ford,Explorer,ST,Carbonized Gra,Onyx,0,"$61,860",SGC62527,18/25
1FMWK8GC4SGC92728,2025,Ford,Explorer,ST,Carbonized Gray Metallic,Onyx,0,"$61,860",,18/25
1FMWK8GC5SGC91572,2025,Ford,Explorer,ST,Agate Black Metallic,Onyx,0,"$61,860",,18/25
1FMWK8GC0SGC93181,2025,Ford,Explorer,ST,Vapor Blue Metallic,Onyx,0,"$62,355",,18/25
1FMWK8GC5SGD01680,2025,Ford,Explorer,ST,Rapid Red Metallic Tinted Clearcoat,Onyx,0,"$62,355",,18/25
1FMWK8GC3SGC67982,2025,Ford,Explorer,ST,Star White Tri-Coat,Onyx,0,"$62,655",SGC67982,18/25
1FMWK8GC3SGC84605,2025,Ford,Explorer,ST,Star White Tri-Coat,Onyx,0,"$62,655",SGC84605,18/25
1FMCU9PZXRUA50819,2024,Ford,Escape,ST-Line Elite,Star White Tri-Coat,Red / Ebony,0,"$42,100",240613,
1FMCU9JA9RUB52745,2024,Ford,Escape,Platinum,Star White Tri-Coat,Ebony,0,"$42,960",RUB52745,
1FMCU0E17RUA14269,2024,Ford,Escape,Base,Star White Tri-Coat,Ebony Black,0,"$42,990",240594,
1FMCU0E15RUA19423,2024,Ford,Escape,Base,Star White Tri-Coat,Ebony Black,0,"$42,990",240436,
1FMCU0E12RUA18553,2024,Ford,Escape,Base,Star White Tri-Coat,Ebony Black,0,"$42,990",240431,
1FMCU0E14RUA53305,2024,Ford,Escape,Base,Star White Tri-Coat,Ebony Black,0,"$42,990",240615,
1FMCU0E18RUA50634,2024,Ford,Escape,Base,Star White Tri-Coat,Ebony Black,0,"$42,990",240619,
1FMCU0E15RUA50610,2024,Ford,Escape,Base,Star White Tri-Coat,Ebony Black,0,"$42,990",240477,
1FMCU0E16RUA49014,2024,Ford,Escape,Base,Star White Tri-Coat,Ebony Black,0,"$42,990",240476,
1FMCU0E14RUA18487,2024,Ford,Escape,Base,Star White Tri-Coat,Ebony Black,0,"$42,990",240408,
1FMCU0E1XRUA07297,2024,Ford,Escape,Base,Star White Tri-Coat,Ebony Black,0,"$42,990",240262,
1FMCU0E17RUA07306,2024,Ford,Escape,Base,Star White Tri-Coat,Ebony Black,0,"$42,990",240261,
1FMCU0E14RUA18182,2024,Ford,Escape,Base,Star White Tri-Coat,Ebony Black,0,"$42,990",240270,
1FMCU0E16RUA18975,2024,Ford,Escape,Base,Star White Tri-Coat,Ebony Black,0,"$42,990",240271,
1FMCU0E17RUA07323,2024,Ford,Escape,Base,Star White Tri-Coat,Ebony,0,"$42,990",240276,
1FMCU0E17RUA07824,2024,Ford,Escape,Base,Star White Tri-Coat,Ebony Black,0,"$42,990",240207,
1FMCU0E18RUA07279,2024,Ford,Escape,Base,Star White Tri-Coat,Ebony Black,0,"$42,990",240212,
1FMCU0E15RUA00404,2024,Ford,Escape,Base,Star White Tri-Coat,Ebony Black,0,"$42,990",240220,
1FMCU0E15RUA07708,2024,Ford,Escape,Base,Star White Tri-Coat,Ebony Black,0,"$42,990",240217,
1FMCU0E16RUA07667,2024,Ford,Escape,Base,Star White Tri-Coat,Ebony Black,0,"$42,990",240238,
1FMCU0GN6SUB66257,2025,Ford,Escape,Active,Oxford White,Ebony Black,0,"$31,850",,27/34
1FMCU0MZ5SUB69772,2025,Ford,Escape,ST-Line,Star White Tri-Coat,Ebony,0,"$33,345",SUB69772,
1FMCU0MZ5SUB65379,2025,Ford,Escape,ST-Line,Vapor Blue,Ebony,0,"$35,475",SUB65379,
1FMCU0MZ5SUB28011,2025,Ford,Escape,ST-Line,Star White Tri-Coat,Ebony,0,"$37,465",SUB28011,
1FMCU0MZ0SUA55551,2025,Ford,Escape,ST-Line,Star White Tri-Coat,Ebony,0,"$38,400",SUA55551,
3FMCR9C62RRE51592,2024,Ford,Bronco Sport,Outer Banks,Shadow Black,Ebony/Roast,0,"$37,710",240354,25/29
2FMPK4G92RBA83443,2024,Ford,Edge,SE,Carbonized Gray,Ebony,0,"$41,520",240256,21/28
2FMPK4G90RBA86986,2024,Ford,Edge,SE,Agate Black,Ebony,0,"$41,520",240366,21/28
1FTER4HH2RLE26734,2024,Ford,Ranger,XLT,Azure Gray Metallic Tri-Coat,Ebony,0,"$47,020",240883,20/24
1FTBR1Y89RKB45960,2024,Ford,Transit-250 Cargo,Base,Oxford White,Dark Palazzo Gray,0,"$51,135",241142,
1FTBR1X80RKB35822,2024,Ford,Transit-250 Cargo,Base,Oxford White,Dark Palazzo Gray,0,"$56,705",RKB35822,
1FDWE3FN5RDD31092,2024,Ford,E-350 Cutaway,Base,Oxford White,Medium Flint,0,"$72,882",240102UP,
1FMEE9BP9RLA04724,2024,Ford,Bronco,Badlands,Hot Pepper Red Metallic Tinted Clearcoat,Black Onyx,0,"$67,790",240302,16/17
1FDRF3EN3REF19941,2024,Ford,F-350 Chassis,XL,Oxford White,Medium Dark Slate,0,"$68,150",REF19941,
1FDUF5GT5RDA02356,2024,Ford,F-550 Chassis,XL,Oxford White,Medium Dark Slate,0,"$69,156",240144UP,
1FDUF5GT7RDA02326,2024,Ford,F-550 Chassis,XL,Oxford White,Medium Dark Slate,0,"$69,165",240161UP,
1FDBF6P86RKB23241,2024,Ford,Transit-350 Cutaway,Base,Oxford White,Gray,0,"$78,652",RKB23241,
1FDUF4GT6RDA03607,2024,Ford,F-450 Chassis,XL,Oxford White,Medium Dark Slate,0,"$78,629",240279UP,
1FDUF5GT9REC03607,2024,Ford,F-550 Chassis,XL,Oxford White,Medium Dark Slate,0,"$82,785",240143UP,
1FDUF5GT3RDA02355,2024,Ford,F-550 Chassis,XL,Oxford White,Medium Dark Slate,0,"$82,735",240131UP,
1FDBF6P86RKA21695,2024,Ford,Transit-350 Cutaway,Base,Oxford White,Gray,0,"$90,162",240710UP,
1FDUF5HT2RDA10901,2024,Ford,F-550 Chassis,XL,Oxford White,Medium Dark Slate,0,"$85,271",240650UP,
1FDUF5HT3RDA28288,2024,Ford,F-550 Chassis,XL,Oxford White,Medium Dark Slate,0,"$85,940",241180UP,
1FMJU2A84REA40487,2024,Ford,Expedition,Limited,Agate Black,Black Onyx,0,"$82,860",240353,16/22
1FDUF4GT8RDA18528,2024,Ford,F-450 Chassis,XL,Oxford White,Medium Dark Slate,0,"$88,012",240821UP,
1FDUF5GT9RDA02280,2024,Ford,F-550 Chassis,XL,Oxford White,Medium Dark Slate,0,"$93,257",240149UP,
1FDUF5HT1RDA28323,2024,Ford,F-550 Chassis,XL,Oxford White,Medium Dark Slate,0,"$93,971",241081UP,
1FMJK2AG6REA49463,2024,Ford,Expedition Max,Limited,Star White Metallic Tri-Coat,Black Onyx,0,"$94,810",240564,16/22
1FDUF5GT6RDA02219,2024,Ford,F-550 Chassis,XL,Oxford White,Medium Dark Slate,0,"$98,930",240148UP,
1FDUF5GTXRDA02224,2024,Ford,F-550 Chassis,XL,Oxford White,Medium Dark Slate,0,"$98,930",240157UP,
3FTTW8A35SRB26618,2025,Ford,Maverick,XL,Oxford White,Black Onyx/Dark Slate,0,"$29,840",SRB26618,
3FTTW8A38SRB26578,2025,Ford,Maverick,XL,Velocity Blue,Black Onyx/Dark Slate,0,"$29,840",SRB26578,
3FTTW8A39SRB41865,2025,Ford,Maverick,XL,White,Black Onyx/Dark Slate,0,"$29,940",SRB41865,
3FTTW8A39SRB32700,2025,Ford,Maverick,XL,Velocity Blue,Black Onyx/Dark Slate,0,"$29,940",SRB32700,
3FTTW8A3XSRB25688,2025,Ford,Maverick,XL,Oxford White,Black Onyx/Dark Slate,0,"$29,940",SRB25688,
3FTTW8BA8SRB43894,2025,Ford,Maverick,XL,Desert Sand,Black Onyx/Dark Slate,0,"$30,065",SRB43894,
3FTTW8BA3SRB36903,2025,Ford,Maverick,XL,White,Black Onyx/Dark Slate,0,"$30,065",SRB36903,
3FTTW8BA2SRB58536,2025,Ford,Maverick,XL,Oxford White,Black Onyx,0,"$30,065",,
3FTTW8BAXSRB43895,2025,Ford,Maverick,XL,Oxford White,Black Onyx/Dark Slate,0,"$30,860",SRB43895,
3FTTW8H39SRB14249,2025,Ford,Maverick,XLT,Oxford White,Navy Pier/Aspen Gray,0,"$32,340",SRB14249,
3FTTW8H38SRB26635,2025,Ford,Maverick,XLT,Oxford White,Navy Pier/Aspen Gray,0,"$32,340",SRB26635,
3FTTW8H35SRA83436,2025,Ford,Maverick,XLT,Oxford White,Navy Pier/Aspen Gray,0,"$32,340",SRA83436,
3FTTW8H35SRB14281,2025,Ford,Maverick,XLT,Velocity Blue,Navy Pier/Aspen Gray,0,"$32,340",SRB14281,
3FTTW8H38SRB03016,2025,Ford,Maverick,XLT,Velocity Blue,Navy Pier/Aspen Gray,0,"$32,340",SRB03016,
3FTTW8H38SRB26666,2025,Ford,Maverick,XLT,Azure Gray Metallic Tri-Coat,Navy Pier/Aspen Gray,0,"$32,835",SRB26666,
3FMCR9BN8SRF20154,2025,Ford,Bronco Sport,Big Bend,Shadow Black,Smkd Truffle,0,"$32,990",SRF20154,25/30
3FMCR9BN9SRF13147,2025,Ford,Bronco Sport,Big Bend,Shadow Black,Medium Light Smoked Truffle,0,"$32,990",,25/30
3FTTW8JA8SRB43816,2025,Ford,Maverick,XLT,,,0,"$33,260",SRB43816,
3FMCR9BN7SRF41836,2025,Ford,Bronco Sport,Big Bend,Shadow Black,Medium Light Smoked Truffle,0,"$33,690",,25/30
3FMCR9BN6SRF35767,2025,Ford,Bronco Sport,Big Bend,Oxford White,Medium Light Smoked Truffle,0,"$33,690",,25/30
3FMCR9BN2SRF28248,2025,Ford,Bronco Sport,Big Bend,Carbonized Gra,Smkd Truffle,0,"$34,685",SRF28248,25/30
3FMCR9BN9SRF20275,2025,Ford,Bronco Sport,Big Bend,Eruption Green,Smkd Truffle,0,"$35,080",SRF20275,25/30
1FTER4BH0SLE19019,2025,Ford,Ranger,XL,Oxford White,Ebony,0,"$35,170",SLE19019,21/25
1FTER4BH6SLE24127,2025,Ford,Ranger,XL,Oxford White,Ebony,0,"$35,315",SLE24127,21/25
1FTER4BH0SLE17898,2025,Ford,Ranger,XL,Gray Metallic,Ebony,0,"$35,315",SLE17898,21/25
1FA6P8TH7S5131217,2025,Ford,Mustang,Ecoboost Fastback,Shadow Black,Black Onyx,0,"$36,110",,22/33
1FA6P8TH4S5132437,2025,Ford,Mustang,Ecoboost Fastback,Oxford White,Black Onyx,0,"$36,110",,22/33
1FTER4BH4SLE30122,2025,Ford,Ranger,XL,Oxford White,Ebony,0,"$35,705",SLE30122,21/25
3FMCR9BN0SRF40379,2025,Ford,Bronco Sport,Big Bend,Desert Sand,Medium Light Smoked Truffle,0,"$35,980",,25/30
1FA6P8TH2S5132145,2025,Ford,Mustang,Ecoboost Fastback,Vapor Blue Metallic,Black Onyx,0,"$36,505",,21/
3FTCW8TA4SRA94918,2025,Ford,Maverick,Lobo,Shadow Black,Black Onyx,0,"$36,950",SRA94918,21/30
3FTCW8TA3SRB13782,2025,Ford,Maverick,Lobo,Carbonized Gray,Black Onyx,0,"$37,625",SRB13782,21/30
3FTCW8TA9SRB14290,2025,Ford,Maverick,Lobo Standard,Carbonized Gray,Black Onyx,0,"$37,625",SRB14290,21/30
1FA6P8TH6S5131418,2025,Ford,Mustang,Ecoboost Fastback,Molten Magenta Metallic Tri-Coat,Black Onyx,0,"$38,405",,22/33
3FMCR9BN3SRE93557,2025,Ford,Bronco Sport,Big Bend,Azure   Gray,Smkd Truffle,0,"$38,495",SRE93557,25/30
3FMCR9CN0SRF35424,2025,Ford,Bronco Sport,Outer Banks,Carbonized Gray Metallic,Ebony/Roast,0,"$38,490",,25/30
1FTER4GH0SLE53986,2025,Ford,Ranger,XLT,Carbonized Gray Metallic,Ebony,0,"$39,125",,21/
1FTER4PH6SLE50557,2025,Ford,Ranger,XL,Oxford White,Ebony,0,"$38,830",,19/26
3FMCR9GN5SRF51791,2025,Ford,Bronco Sport,Heritage,Robins Egg Blue,Navy Pier,0,"$38,880",,25/
3FMCR9CN1SRF26814,2025,Ford,Bronco Sport,Outer Banks,Eruption Green,Ebony Roast,0,"$40,880",SRF26814,25/30
3FMCR9CN3SRF41136,2025,Ford,Bronco Sport,Outer Banks,Velocity Blue,Platinum Blue,0,"$40,880",SRF41136,25/30
1FTER4HH3SLE42141,2025,Ford,Ranger,XLT,Oxford White,Ebony,0,"$40,855",,19/26
3FMCR9CN1SRF37019,2025,Ford,Bronco Sport,Outer Banks,Ruby Red Metallic Tinted Clearcoat,Ebony/Roast,0,"$40,980",,25/30
3FTTW8SA1SRB44224,2025,Ford,Maverick,Lariat,Gray,Black Onyx,0,"$40,875",SRB44224,
3FMCR9CN0SRF10152,2025,Ford,Bronco Sport,Outer Banks,Desert Sand,Ebony Roast,0,"$41,875",SRF10152,25/30
3FMTK1R43SMA10164,2025,Ford,Mustang Mach-E,Select,Velocity Blue,Black Onyx,0,"$41,380",SMA10164,
1FTER4HH7SLE54339,2025,Ford,Ranger,XLT,Carbonized Gray Metallic,Ebony,0,"$42,005",,19/26
3FMTK1R47SMA44995,2025,Ford,Mustang Mach-E,Select,Star White Tri-Coat,Black Onyx,0,"$41,780",SMA44995,
3FMTK1R42SMA13041,2025,Ford,Mustang Mach-E,Select,Glacier Gray TriCoat,Black Onyx,0,"$41,880",SMA13041,
3FMTK1R40SMA10641,2025,Ford,Mustang Mach-E,Select,Glacier Gray TriCoat,Black Onyx,0,"$41,880",SMA10641,
3FMTK1R46SMA30716,2025,Ford,Mustang Mach-E,Select,Star White Tri-Coat,Black Onyx,0,"$42,780",SMA30716,
3FMTK1R41SMA47486,2025,Ford,Mustang Mach-E,Select,Shadow Black,Black Onyx,0,"$42,580",,
3FMTK3R46SMA07139,2025,Ford,Mustang Mach-E,Premium,Velocity Blue,Black Onyx,0,"$43,085",SMA07139,
1FMDE6AH9SLB23626,2025,Ford,Bronco,Base,Carbonized Gray Metallic,Dark Space Gray,0,"$42,975",SLB23626,18/22
1FMDE6BH5SLB21547,2025,Ford,Bronco,Base,Shadow Black,Dark Space Gray,0,"$44,580",SLB21547,18/22
1FMDE6BH5SLB08104,2025,Ford,Bronco,Base,Desert Sand,Dark Space Gray,0,"$44,975",SLB08104,18/22
3FMTK3R44SMA49454,2025,Ford,Mustang Mach-E,Premium,Shadow Black,Light Space Gray,0,"$46,460",,
1FMDE7BH1SLB25763,2025,Ford,Bronco,Big Bend,Oxford White,Black Onyx,0,"$47,300",,18/22
1FMDE7BH0SLB11286,2025,Ford,Bronco,Big Bend,Ruby Red Tinted,Gray,0,"$47,795",SLB11286,20/21
1FMDE7BH8SLB30099,2025,Ford,Bronco,Big Bend,Shadow Black,Black Onyx,0,"$47,970",,20/
3FMTK3R43SMA44665,2025,Ford,Mustang Mach-E,Premium,Glacier Gray TriCoat,Blk Perforated,0,"$48,005",SMA44665,
1FMDE7BH0SLB35619,2025,Ford,Bronco,Big Bend,Shadow Black,Black Onyx,0,"$48,465",,18/22
1FMDE7BH2SLB21060,2025,Ford,Bronco,Big Bend,Carbonized Gray Metallic,Black Onyx,0,"$48,595",,18/22
1FTYE1Y86SKB22342,2025,Ford,Transit Commercial,Cargo Van,Oxford White,Dark Palazzo,0,"$50,420",,
1FMDE7BHXSLB15460,2025,Ford,Bronco,Big Bend,Oxford White,Black,0,"$49,795",SLB15460,20/21
3FMTK3R75SMA09247,2025,Ford,Mustang Mach-E,Premium,Shadow Black,Black Onyx,0,"$49,680",SMA09247,
3FMTK3R79SMA13477,2025,Ford,Mustang Mach-E,Premium,Star White Tri-Coat,Light Space Gray,0,"$49,680",SMA13477,
3FMTK3R74SMA31143,2025,Ford,Mustang Mach-E,Premium,Velocity Blue,Blk Perforated,0,"$49,980",SMA31143,
3FMTK3R74SMA49867,2025,Ford,Mustang Mach-E,Premium,Velocity Blue Metallic,Black Onyx,0,"$49,530",,
1FTYE1Y87SKA42001,2025,Ford,Transit-150 Cargo,Base,Oxford White,Dark Palazzo Gray,0,"$49,790",SKA42001,
1FTYE1Y84SKA42182,2025,Ford,Transit-150 Cargo,Base,Oxford White,Dark Palazzo Gray,0,"$49,790",SKA42182,
1FTYE1Y88SKA42525,2025,Ford,Transit-150 Cargo,Base,Oxford White,Dark Palazzo Gray,0,"$49,790",SKA42525,
1FTYE1Y87SKA42130,2025,Ford,Transit-150 Cargo,Base,Oxford White,Dark Palazzo Gray,0,"$49,790",SKA42130,
1FTYE1Y83SKA42030,2025,Ford,Transit-150 Cargo,Base,Oxford White,Dark Palazzo Gray,0,"$49,790",SKA42030,
1FMDE7BH6SLB28691,2025,Ford,Bronco,Big Bend,Azure   Gray,Black,0,"$50,340",SLB28691,20/21
1FTYE1Y81SKA19622,2025,Ford,Transit-150 Cargo,Base,Oxford White,Dark Palazzo Gray,0,"$50,390",SKA19622,
3FMTK3R72SMA57045,2025,Ford,Mustang Mach-E,Premium,Molten Magenta Metallic Tinted Clearcoat,Black Onyx,0,"$50,480",,
3FMTK3R79SMA34958,2025,Ford,Mustang Mach-E,Premium,Desert Sand,Black Onyx,0,"$50,515",SMA34958,
1FTYE1Y85SKB30853,2025,Ford,Transit-150 Cargo,Base,Oxford White,Dk Palazzo,0,"$50,420",SKB30853,
1FTBR1Y81SKB31024,2025,Ford,Transit Commercial,Cargo Van,Oxford White,Dark Palazzo,0,"$52,840",,
1FTBR1Y80SKB31001,2025,Ford,Transit Commercial,Cargo Van,Oxford White,Dark Palazzo,0,"$52,840",,
1FTBR1Y83SKB30621,2025,Ford,Transit Commercial,Cargo Van,Oxford White,Dark Palazzo,0,"$52,840",,
1FTYE1Y87SKA94910,2025,Ford,Transit-150 Cargo,Base,Oxford White,Dark Palazzo,0,"$50,495",SKA94910,
3FMTK3R7XSMA49906,2025,Ford,Mustang Mach-E,Premium,Molten Magenta Metallic Tinted Clearcoat,Black Onyx,0,"$51,705",,
3FMTK3R74SMA49075,2025,Ford,Mustang Mach-E,Premium,Glacier Gray Metallic Tri-Coat,Black Onyx,0,"$51,705",,
1FMDE8BH5SLB27425,2025,Ford,Bronco,Outer Banks,Azure Gray Metallic Tri-Coat,Black Onyx,0,"$52,725",,18/22
1FTBR1Y8XSKA96676,2025,Ford,Transit-250 Cargo,Base,,gray,0,"$51,485",SKA96676,
1FTBR1Y8XSKA48143,2025,Ford,Transit-250 Cargo,Base,Oxford White,Dark Palazzo Gray,0,"$51,485",SKA48143,
1FTBR1Y8XSKA34131,2025,Ford,Transit-250 Cargo,Base,Oxford White,Dark Palazzo Gray,0,"$51,485",SKA34131,
1FTBR1Y89SKA20687,2025,Ford,Transit-250 Cargo,Base,Oxford White,Dark Palazzo Gray,0,"$51,485",SKA20687,
1FTBR1Y88SKA06182,2025,Ford,Transit-250 Cargo,Base,Oxford White,Dark Palazzo Gray,0,"$51,485",SKA06182,
3FMTK3SUXSMA09762,2025,Ford,Mustang Mach-E,Premium,Glacier Gray TriCoat,Black Onyx,0,"$52,680",SMA09762,
1FTYE1C87SKA92761,2025,Ford,Transit-150 Cargo,Base,Oxford White,Dark Palazzo,0,"$52,790",SKA92761,
1FTBR1C87SKA26057,2025,Ford,Transit-250 Cargo,Base,Oxford White,Dark Palazzo Gray,0,"$51,790",SKA26057,
1FTBR1Y85SKA93622,2025,Ford,Transit-250 Cargo,Base,Oxford White,Dark Palazzo Gray,0,"$53,030",SKA93622,
1FTBR1Y85SKA34201,2025,Ford,Transit-250 Cargo,Base,Oxford White,Dark Palazzo Gray,0,"$53,540",SKA34201,
1FTBR1C82SKB27152,2025,Ford,Transit Commercial,Cargo Van,Oxford White,Dark Palazzo,0,"$55,220",,
1FTBR1C83SKB30934,2025,Ford,Transit Commercial,Cargo Van,Oxford White,Dark Palazzo,0,"$55,220",,
1FTBR1C86SKB29678,2025,Ford,Transit Commercial,Cargo Van,Oxford White,Dark Palazzo,0,"$55,220",,
1FTBR1Y86SKB21637,2025,Ford,Transit-250 Cargo,Base,Oxford White,Dk Palazzo,0,"$52,840",SKB21637,
1FTBR1Y88SKB21882,2025,Ford,Transit-250 Cargo,Base,Oxford White,Dk Palazzo,0,"$52,840",SKB21882,
1FMDE8BH3SLA72604,2025,Ford,Bronco,Outer Banks,Shadow Black,Smoked Truffle,0,"$54,850",SLA72604,20/21
1FTBR1Y81SKA93620,2025,Ford,Transit-250 Cargo,Base,Oxford White,Dark Palazzo Gray,0,"$53,030",SKA93620,
1FTBR1Y89SKA93624,2025,Ford,Transit-250 Cargo,Base,Oxford White,Dark Palazzo Gray,0,"$53,030",SKA93624,
1FTBR1Y80SKA93446,2025,Ford,Transit-250 Cargo,Base,Oxford White,Dark Palazzo Gray,0,"$53,030",SKA93446,
1FTBR1C85SKA04896,2025,Ford,Transit-250 Cargo,Base,Oxford White,Dark Palazzo Gray,0,"$54,135",SKA04896,
3FMTK3R76SMA39048,2025,Ford,Mustang Mach-E,Premium,Velocity Blue,Blk Perforated,0,"$54,200",SMA39048,
1FMDE8BH3SLA67645,2025,Ford,Bronco,Outer Banks,Eruption Green,Black,0,"$55,245",SLA67645,20/21
3FMTK3R7XSMA47430,2025,Ford,Mustang Mach-E,Premium,Desert Sand,Black Onyx,0,"$54,255",,
1FT8W3BA6SED33317,2025,Ford,F-350,XL,Oxford White,Medium Dark Slate,0,"$56,605",SED33317,
1FTBW9C85SKA93618,2025,Ford,Transit-350 Cargo,Base,Oxford White,Dark Palazzo Gray,0,"$55,155",SKA93618,
3FMTK3R7XSMA43538,2025,Ford,Mustang Mach-E,Premium,Glacier Gray TriCoat,Blk Perforated,0,"$55,250",SMA43538,
1FTBW1Y87SKB30209,2025,Ford,Transit Commercial,Cargo Van,Oxford White,Dark Palazzo,0,"$57,465",,
1FTBW9C84SKA93187,2025,Ford,Transit-350 Cargo,Base,Oxford White,Dark Palazzo Gray,0,"$55,155",SKA93187,
1FTBR1X88SKA97309,2025,Ford,Transit-250 Cargo,Base,Oxford White,Gray,0,"$55,160",SKA97309,
1FMEE8BPXSLB21745,2025,Ford,Bronco,Outer Banks,Azure Gray Metallic Tri-Coat,Black Onyx,0,"$58,190",,19/21
3FMTK3SU0SMA32564,2025,Ford,Mustang Mach-E,Premium,Star White Tri-Coat,Blk Perforated,0,"$57,505",SMA32564,
1FMEE8BP4SLB21451,2025,Ford,Bronco,Outer Banks,Oxford White,Black Onyx,0,"$58,395",,19/21
3FMTK3SU1SMA40849,2025,Ford,Mustang Mach-E,Premium,Glacier Gray TriCoat,Blk Perforated,0,"$57,700",SMA40849,
3FMTK3SU8SMA47412,2025,Ford,Mustang Mach-E,Premium,Velocity Blue Metallic,Black Onyx,0,"$57,750",,
3FMTK3SU8SMA47491,2025,Ford,Mustang Mach-E,Premium,Eruption Green Metallic,Black Onyx,0,"$57,750",,
3FMTK3SU1SMA41385,2025,Ford,Mustang Mach-E,Premium,Star White Tri-Coat,Blk Perforated,0,"$58,250",SMA41385,
1FTBW1Y84SKB22049,2025,Ford,Transit-350 Cargo,Base,Oxford White,Dk Palazzo,0,"$57,465",SKB22049,
1FTER4LR7SLE32812,2025,Ford,Ranger,Raptor,Shadow Black,Ebony,0,"$58,260",SLE32812,16/18
1FBAX2Y85SKB30227,2025,Ford,Transit Commercial,Passenger Van XL,Oxford White,Dark Palazzo,0,"$61,480",,
1FBAX2Y89SKB27153,2025,Ford,Transit Commercial,Passenger Van XL,Oxford White,Dark Palazzo,0,"$61,480",,
3FMTK4SX0SMA24318,2025,Ford,Mustang Mach-E,GT,Star White Tri-Coat,Performance Gray,0,"$61,305",SMA24318,
1FA6P8CFXS5418551,2025,Ford,Mustang,GT Premium Fastback,Shadow Black,Black Onyx,0,"$63,075",,16/24
1FA6P8CFXS5416492,2025,Ford,Mustang,GT Premium Fastback,Vapor Blue Metallic,Black Onyx,0,"$63,470",,16/24
1FBAX2C81SKA81065,2025,Ford,Transit-350 Passenger,XL,Oxford White,Gray,0,"$60,860",SKA81065,
3FMTK4SX9SMA55972,2025,Ford,Mustang Mach-E,GT,Shadow Black,Performance Gray with City Silver Stitching,0,"$62,205",,
1FTRF3BT2SED21297,2025,Ford,F-350,XL,Oxford White,Medium Dark Slate,0,"$64,595",SED21297,
1FA6P8CF9S5412479,2025,Ford,Mustang,GT Premium,Carbonized Gray,Black Onyx,0,"$64,365",S5412479,15/24
3FMTK4SX8SMA43151,2025,Ford,Mustang Mach-E,GT,Shadow Black,Gray,0,"$62,500",SMA43151,
1FMEE8BP5SLB07462,2025,Ford,Bronco,Outer Banks,Oxford White,Smkd Truffle,0,"$63,660",SLB07462,20/21
1FMEE8BP8SLB25275,2025,Ford,Bronco,Outer Banks,Shadow Black,Black Onyx,0,"$63,660",,17/18
1FMEE8BP4SLB09963,2025,Ford,Bronco,Outer Banks,Eruption Green Metallic,Black Onyx,0,"$64,055",,17/18
1FA6P8CFXS5410336,2025,Ford,Mustang,GT Premium,Oxford White,Carmine Red,0,"$65,750",S5410336,15/24
1FT8W3BN5SED26006,2025,Ford,F-350,XLT,Oxford White,Medium Dark Slate,0,"$66,390",SED26006,
1FT8W3BN3SED28143,2025,Ford,F-350,XLT,Oxford White,Medium Dark Slate,0,"$66,390",SED28143,
1FT8W3BT3SED65739,2025,Ford,F-350,XL,Oxford White,Medium Dark Slate,0,"$66,660",SED65739,
1FT8W3BT9SED64515,2025,Ford,F-350,XL,Oxford White,Medium Dark Slate,0,"$66,660",SED64515,
1FT8W3BT6SED19080,2025,Ford,F-350,XL,Oxford White,Medium Dark Slate,0,"$66,985",SED19080,
1FTVW3LK5SWG29711,2025,Ford,F-150 Lightning,XLT,Carbonized Gray Metallic,Medium Dark Slate,0,"$66,315",,
1FBAX2XG3SKB16674,2025,Ford,Transit Commercial,Passenger Van XLT,Oxford White,Dark Palazzo,0,"$68,430",,
1FTVW3LK4SWG24595,2025,Ford,F-150 Lightning,XLT,Carbonized Gray,Medium Dark Slate,0,"$67,515",SWG24595,
1FBAX2XG1SKB16463,2025,Ford,Transit-350 Passenger,Passenger Van XLT,Oxford White,Dk Palazzo,0,"$68,430",SKB16463,
1FA6P8R05S5502845,2025,Ford,Mustang,Dark Horse,Blue,Black W/Blue Accents,0,"$73,560",S5502845,14/22
1FMEE9BP0SLA95517,2025,Ford,Bronco,Badlands,Azure Gray Metallic Tri-Coat,Black Onyx,0,"$73,390",SLA95517,16/17
1FT6W3LU5SWG23347,2025,Ford,F-150 Lightning,Flash,Agate Black,Medium Dark Slate,0,"$73,395",SWG23347,
1FDUF4GT2SDA10902,2025,Ford,F-450 Chassis,XL,Oxford White,Medium Dark Slate,0,"$70,795",SDA10902,
1FT6W3LU2SWG23516,2025,Ford,F-150 Lightning,Flash,Iconic Silver,Medium Dark Slate,0,"$74,595",SWG23516,
1FT6W3LU9SWG19124,2025,Ford,F-150 Lightning,Flash,Oxford White,Medium Dark Slate,0,"$74,595",SWG19124,
1FTVW3LU6SWG23207,2025,Ford,F-150 Lightning,Flash,Agate Black Metallic,Medium Dark Slate,0,"$75,370",,
1FA6P8R03S5501046,2025,Ford,Mustang,Dark Horse,Shadow Black,Black W/Blue Accents,0,"$72,665",S5501046,14/22
1FMJK1J85SEA64710,2025,Ford,Expedition,Active MAX,Star White Metallic Tri-Coat,Space Gray,0,"$76,935",,15/22
1FT6W5L75SWG29946,2025,Ford,F-150 Lightning,Lariat,Carbonized Gray Metallic,Black,0,"$79,790",,
1FD8X3FT8SEE03291,2025,Ford,F-350 Chassis,XL,Oxford White,Medium Dark Slate,0,"$101,960",SEE03291,
1FD8X3FT0SEE06220,2025,Ford,F-350 Chassis,XL,Oxford White,Medium Dark Slate,0,"$101,960",SEE06220,
1FMJK1MG9SEA62395,2025,Ford,Expedition,Platinum MAX,Glacier Gray Metallic Tri-Coat,Black Onyx,0,"$87,985",,
1FT6W7L75SWG19204,2025,Ford,F-150 Lightning,Platinum,White Metallic,Space Gray,0,"$88,960",SWG19204,
1FT8W3BT0SEC20254,2025,Ford,F-350,Lariat,Avalanche,Black Onyx,0,"$92,040",250090,
1FT8W3DT8SEC77797,2025,Ford,F-350,Lariat,Oxford White,Baja,0,"$93,540",SEC77797,
1FMEE0RR9SLB06033,2025,Ford,Bronco,Raptor,Azure Gray Metallic Tri-Coat,Black Onyx,0,"$89,800",,15/16
1FMEE0RR2SLA91777,2025,Ford,Bronco,Raptor,Oxford White,Onyx Lthr/Suede,0,"$92,780",SLA91777,15/16
1FT8W3BM5SEE02024,2025,Ford,F-350,Lariat,Oxford White,Black Onyx,0,"$98,335",SEE02024,
1FT8W3BM1SEC39694,2025,Ford,F-350,King Ranch,Brown,Java,0,"$98,940",SEC39694,
1FMEE0RR5SLB19409,2025,Ford,Bronco,Raptor,Azure Gray Metallic Tri-Coat,Black Onyx,0,"$93,875",,15/16
1FDNF6AN4SDF02714,2025,Ford,F-650 Gas,Base,Oxford White,Gray,0,"$110,098",240709UP,
1FT8W3BM7SEC67385,2025,Ford,F-350,Platinum,Agate Black,Black Onyx/Platinum Blue,0,"$100,060",SEC67385,
1FT7X2AA4TEC80333,2026,Ford,Super Duty,F-250 XL,Oxford White,Medium Dark Slate,0,"$52,005",,
1FD8W3ENXTEC16304,2026,Ford,F-350SD,XL,Oxford White,Medium Dark Slate,0,"$57,490",TEC16304,
1FD8W3ET7TEC00527,2026,Ford,F-350SD,XL,Oxford White,Medium Dark Slate,0,"$68,185",TEC00527,
1FD8W3ET2TEC00953,2026,Ford,F-350SD,XL,Oxford White,Medium Dark Slate,0,"$68,185",TEC00953,
1FD8X3FT3TEC17210,2026,Ford,F-350SD,XL,Oxford White,Med Dark Slate,0,"$70,395",TEC17210,
1FD8X3FT9TEC00945,2026,Ford,F-350SD,XL,Oxford White,Med Dark Slate,0,"$70,420",TEC00945,
1FD8X3FT8TEC00807,2026,Ford,F-350SD,XL,Oxford White,Med Dark Slate,0,"$70,470",TEC00807,
1FT8W2BT5TEC80364,2026,Ford,Super Duty,F-250 XL,Argon Blue Metallic,Medium Dark Slate,0,"$75,250",,
1FT8W2BT5TEC15479,2026,Ford,Super Duty,F-250 Lariat,Glacier Gray Metallic Tri-Coat,Black Onyx,0,"$84,470",,
1FT8W2BTXTEC56724,2026,Ford,Super Duty,F-250 Lariat,Argon Blue Metallic,Black Onyx,0,"$84,460",,
1FT8W2BT2TEC79365,2026,Ford,Super Duty,F-250 Lariat,Avalanche,Black Onyx,0,"$84,460",,
1FT8W2BT3TEC57133,2026,Ford,Super Duty,F-250 Lariat,Ruby Red Metallic Tinted Clearcoat,Black Onyx,0,"$84,560",,
1FT8W3BT0TEC71593,2026,Ford,Super Duty,F-350 Lariat,Glacier Gray Metallic Tri-Coat,Baja,0,"$92,010",,
1FT8W2BT3TEC67886,2026,Ford,Super Duty,F-250 Lariat,Avalanche,Black Onyx,0,"$93,265",,
1FT8W2BT4TEC70179,2026,Ford,Super Duty,F-250 Lariat,Glacier Gray Metallic Tri-Coat,Black Onyx,0,"$93,865",,
1FT8W3BT0TEC67902,2026,Ford,Super Duty,F-350 Lariat,Glacier Gray Metallic Tri-Coat,Black Onyx,0,"$93,890",,
1FT8W2BM5TEC71611,2026,Ford,Super Duty,F-250 Lariat,Carbonized Gray Metallic,Black Onyx,0,"$96,805",,
1FT8W2BM6TEC63601,2026,Ford,Super Duty,F-250 Lariat,Agate Black Metallic,Black Onyx,0,"$96,805",,
1FT8W2BM2TEC16484,2026,Ford,Super Duty,F-250 Lariat,Glacier Gray Metallic Tri-Coat,Black Onyx,0,"$97,270",,
1FT8W3DT1TEC05177,2026,Ford,F-350,Lariat,Oxford White,Baja Active,0,"$95,395",TEC05177,
1FT8W3BM1TEC34786,2026,Ford,Super Duty,F-350 King Ranch,Star White Metallic Tri-Coat,Java,0,"$102,325",,
1FT8W3BM6TEC04490,2026,Ford,Super Duty,F-350 King Ranch,Glacier Gray Metallic Tri-Coat,Java,0,"$103,340",,
1FT8W3BM5TEC43894,2026,Ford,Super Duty,F-350 Platinum,Agate Black Metallic,Black Onyx,0,"$105,445",,
1FT8W3BMXTEC10826,2026,Ford,F-350,Platinum,Oxford White,Black Onyx,0,"$106,440",TEC10826,
